index	commit	upstream_commit	android_commit	subject	CVE	Fixes_tag	subsystem	files	security	corruption	memory_safety	deadlock	race	encryption	performance	on_disk_change	requires_fscrypt_change	requires_block_change	requires_kabi_change	dependencies	already_present	applicable_to_6.12.35	risk	recommended	status
1	4149f0ee5e0850b57d8b91b9f0139f4166a64ba7	a9201960623287927bf5776de3f70fb2fbde7e02		f2fs: don't over-report free space or inodes in statvfs 		ddc34e328d06	F2FS	fs/f2fs/super.c	NO	NO	NO	NO	NO	NO	NO	NO	NO	NO	NO		FUNCTIONAL_REVIEW_REQUIRED	NOT_YET_TESTED	LOW	DO_NOT_BACKPORT	DEFERRED
2	c465f523333ecc5d89934ed03835fbdbfd9e4c14	ba8dac350faf16afc129ce6303ca4feaf083ccb1		f2fs: fix to zero post-eof page 			F2FS	fs/f2fs/file.c	NO	YES	NO	NO	NO	NO	NO	NO	NO	NO	NO		FUNCTIONAL_REVIEW_REQUIRED	YES	MEDIUM	MUST_BACKPORT	APPLIED_F2FS_S03_STATIC_PASS
3	58330262213aa3fb6b0ec807f6329572902f91ef	fa08972bcb7baaf5f1f4fdf251dc08bdd3ab1cf0		f2fs: decrease spare area for pinned files for zoned devices 			F2FS	fs/f2fs/file.c,fs/f2fs/gc.h,fs/f2fs/segment.c	NO	NO	NO	NO	NO	NO	NO	NO	NO	NO	NO		FUNCTIONAL_REVIEW_REQUIRED	NOT_YET_TESTED	LOW	OPTIONAL_REVIEW	DEFERRED
4	ffbbe11577b7eec86d70a32f3ff0eb42f99f09ea	5bc5aae843128aefb1c55d769d057c92dd8a32c9		f2fs: zone: introduce first_zoned_segno in f2fs_sb_info 			F2FS	fs/f2fs/f2fs.h,fs/f2fs/segment.c,fs/f2fs/segment.h,fs/f2fs/super.c	NO	NO	NO	NO	NO	NO	NO	NO	NO	NO	NO		FUNCTIONAL_REVIEW_REQUIRED	NOT_YET_TESTED	LOW	OPTIONAL_REVIEW	DEFERRED
5	8912b139a8d4b89c39ff1134338fed8f55a0c5a1	dc6d9ef57fcf42fac1b3be4bff5ac5b3f1e8f9f3		f2fs: zone: fix to calculate first_zoned_segno correctly 		9703d69d9d15	F2FS	fs/f2fs/data.c,fs/f2fs/f2fs.h,fs/f2fs/segment.c,fs/f2fs/super.c	NO	NO	NO	NO	NO	NO	NO	NO	NO	NO	NO		FUNCTIONAL_REVIEW_REQUIRED	NOT_YET_TESTED	LOW	OPTIONAL_REVIEW	DEFERRED
6	8b1f1f83e3778fb1f2928bf4e12eefff13f109c6	8142daf8a53806689186ee255cc02f89af7f8890		f2fs: turn off one_time when forcibly set to foreground GC 		9748c2ddea4a	F2FS	fs/f2fs/gc.c	NO	NO	NO	NO	NO	NO	NO	NO	NO	NO	NO		FUNCTIONAL_REVIEW_REQUIRED	NOT_YET_TESTED	LOW	OPTIONAL_REVIEW	DEFERRED
7	334afc40c41c3e24ea9edc0e04764ade4ffec23d	554d9b7242a73d701ce121ac81bb578a3fca538e		f2fs: fix bio memleak when committing super block 		5bcde4557862	F2FS	fs/f2fs/super.c	NO	NO	YES	NO	NO	NO	NO	NO	NO	NO	NO		FUNCTIONAL_REVIEW_REQUIRED	YES	MEDIUM	MUST_BACKPORT	APPLIED_F2FS_S03_STATIC_PASS
8	44a79437309e0ee2276ac17aaedc71253af253a8	154467f4ad033473e5c903a03e7b9bca7df9a0fa		f2fs: fix KMSAN uninit-value in extent_info usage 		94afd6d6e525	F2FS	fs/f2fs/extent_cache.c	NO	NO	YES	NO	NO	NO	NO	NO	NO	NO	NO		FUNCTIONAL_REVIEW_REQUIRED	YES	MEDIUM	MUST_BACKPORT	APPLIED_F2FS_S06_STATIC_PASS
9	46f24b1fbf6bec7d08a55e481243c885920b87d8	10dcaa56ef93f2a45e4c3fec27d8e1594edad110		f2fs: fix to check upper boundary for value of gc_boost_zoned_gc_percent 		9a481a1c16f4	F2FS	fs/f2fs/sysfs.c	NO	NO	NO	NO	NO	NO	NO	NO	NO	NO	NO		FUNCTIONAL_REVIEW_REQUIRED	NOT_YET_TESTED	LOW	OPTIONAL_REVIEW	DEFERRED
10	1f1efc11132a802abaa0d57308cf5cad25009130	7a96d1d73ce9de5041e891a623b722f900651561		f2fs: fix to check upper boundary for gc_valid_thresh_ratio 		e791d00bd06c	F2FS	fs/f2fs/sysfs.c	NO	NO	NO	NO	NO	NO	NO	NO	NO	NO	NO		FUNCTIONAL_REVIEW_REQUIRED	NOT_YET_TESTED	LOW	SHOULD_BACKPORT	DEFERRED_AFTER_REVIEW
11	ca525a64bb92107730b422047be31e08387ba54d	a919ae794ad2dc6d04b3eea2f9bc86332c1630cc		f2fs: fix to check upper boundary for gc_no_zoned_gc_percent 		9a481a1c16f4	F2FS	fs/f2fs/sysfs.c	NO	NO	NO	NO	NO	NO	NO	NO	NO	NO	NO		FUNCTIONAL_REVIEW_REQUIRED	NOT_YET_TESTED	LOW	OPTIONAL_REVIEW	DEFERRED
12	dea243f58a8391e76f42ad5eb59ff210519ee772	7c30d79930132466f5be7d0b57add14d1a016bda		f2fs: fix to avoid UAF in f2fs_sync_inode_meta() 		0f18b462b2e5	F2FS	fs/f2fs/inode.c	NO	NO	YES	NO	NO	NO	NO	NO	NO	NO	NO		FUNCTIONAL_REVIEW_REQUIRED	YES	MEDIUM	MUST_BACKPORT	APPLIED_F2FS_S06_STATIC_PASS
13	97df495d754116c8c28ac6a4112f831727bde887	a509a55f8eecc8970b3980c6f06886bbff0e2f68		f2fs: fix to avoid panic in f2fs_evict_inode 		0f18b462b2e5	F2FS	fs/f2fs/inode.c	NO	NO	NO	NO	NO	NO	NO	NO	NO	NO	NO		FUNCTIONAL_REVIEW_REQUIRED	YES	LOW	MUST_BACKPORT	APPLIED_F2FS_S06_STATIC_PASS
14	70849d33130a2cf1d6010069ed200669c8651fbd	5661998536af52848cc4d52a377e90368196edea		f2fs: fix to avoid out-of-boundary access in devs.path 		3c62be17d4f5	F2FS	fs/f2fs/f2fs.h	NO	NO	YES	NO	NO	NO	NO	NO	NO	NO	NO		FUNCTIONAL_REVIEW_REQUIRED	YES	MEDIUM	MUST_BACKPORT	APPLIED_F2FS_S06_STATIC_PASS
15	0fe7976b62546f1e95eebfe9879925e9aa22b7a8	08a7efc5b02a0620ae16aa9584060e980a69cb55		f2fs: vm_unmap_ram() may be called from an invalid context 		bff139b49d9f	F2FS	fs/f2fs/data.c	NO	NO	NO	NO	NO	NO	NO	NO	NO	NO	NO		FUNCTIONAL_REVIEW_REQUIRED	YES	LOW	MUST_BACKPORT	APPLIED_F2FS_S06_STATIC_PASS
16	3908f15df598023e8cb9c9dc72ca8f2aa290e75b	6840faddb65683b4e7bd8196f177b038a1e19faf		f2fs: fix to update upper_p in __get_secs_required() correctly 		1acd73edbbfe	F2FS	fs/f2fs/segment.h	NO	NO	NO	NO	NO	NO	NO	NO	NO	NO	NO		FUNCTIONAL_REVIEW_REQUIRED	NOT_YET_TESTED	LOW	SHOULD_BACKPORT	DEFERRED_AFTER_REVIEW
17	4b069ec86c3322596b15ae16564588a7aa43781e	e194e140ab7de2ce2782e64b9e086a43ca6ff4f2		f2fs: fix to calculate dirty data during has_not_enough_free_secs() 		36abef4e796d	F2FS	fs/f2fs/segment.h	NO	NO	NO	NO	NO	NO	NO	NO	NO	NO	NO		FUNCTIONAL_REVIEW_REQUIRED	NOT_YET_TESTED	LOW	SHOULD_BACKPORT	DEFERRED_AFTER_REVIEW
18	82765ce5c7a56f9309ee45328e763610eaf11253	1005a3ca28e90c7a64fa43023f866b960a60f791		f2fs: fix to trigger foreground gc during f2fs_map_blocks() in lfs mode 		36abef4e796d	F2FS	fs/f2fs/data.c	NO	NO	NO	NO	NO	NO	NO	NO	NO	NO	NO		FUNCTIONAL_REVIEW_REQUIRED	NOT_YET_TESTED	LOW	SHOULD_BACKPORT	DEFERRED_AFTER_REVIEW
19	cfe27f8aff2ed8b2576bc9a5161113dc45ed929d	b41c1d8d07906786c60893980d52688f31d114a6		fscrypt: Don't use problematic non-inline crypto engines 		b30ab0e03407	FSCRYPT	Documentation/filesystems/fscrypt.rst,fs/crypto/fscrypt_private.h,fs/crypto/hkdf.c,fs/crypto/keysetup.c,fs/crypto/keysetup_v1.c	NO	NO	NO	NO	NO	YES	NO	NO	YES	NO	NO		FUNCTIONAL_REVIEW_REQUIRED	YES	HIGH	MUST_BACKPORT	APPLIED_F2FS_S02_STATIC_PASS
20	a50e10af2fc55d65ba6b4309fa8588619142324c	e23ab8028de0d92df5921a570f5212c0370db3b5		f2fs: check the generic conditions first 			F2FS	fs/f2fs/file.c	NO	NO	NO	NO	NO	NO	NO	NO	NO	NO	NO		FUNCTIONAL_REVIEW_REQUIRED	NOT_YET_TESTED	LOW	DO_NOT_BACKPORT	DEFERRED
21	8263f32e1017d88ae75859dca955308c3cd89232	f70291411ba20d50008db90a6f0731efac27872c		block: Introduce bio_needs_zone_write_plugging() 		f211268ed1f9	DM	block/blk-mq.c,block/blk-zoned.c,drivers/md/dm.c,include/linux/blkdev.h	NO	NO	NO	NO	NO	NO	NO	NO	NO	YES	REVIEW		FUNCTIONAL_REVIEW_REQUIRED	NOT_YET_TESTED	HIGH	DO_NOT_BACKPORT	DEFERRED
22	d10bf66d9f9335ffc7521b3029b114f50604cabe	2df7168717b7d2d32bcf017c68be16e4aae9dd13		dm: Always split write BIOs to zoned device limits 		f211268ed1f9	DM	drivers/md/dm.c	NO	NO	NO	NO	NO	NO	NO	NO	NO	YES	NO		FUNCTIONAL_REVIEW_REQUIRED	NOT_YET_TESTED	HIGH	OPTIONAL_REVIEW	DEFERRED
23	411950235485742cb4e24e30c2a27b9f92a1f156	675f940576351bb049f5677615140b9d0a7712d0		dm: split write BIOs on zone boundaries when zone append is not emulated 		2df7168717b7	DM	drivers/md/dm.c	NO	NO	NO	NO	NO	NO	NO	NO	NO	YES	NO		FUNCTIONAL_REVIEW_REQUIRED	NOT_YET_TESTED	HIGH	OPTIONAL_REVIEW	DEFERRED
24	f0fc87ca5c446687dba540708d3f848339366eed	409f9287dab3b53bffe8d28d883a529028aa6a42		dm: Check for forbidden splitting of zone write operations 		f211268ed1f9	DM	drivers/md/dm.c	NO	NO	NO	NO	NO	NO	NO	NO	NO	YES	NO		FUNCTIONAL_REVIEW_REQUIRED	NOT_YET_TESTED	HIGH	OPTIONAL_REVIEW	DEFERRED
25	888aa660144bcb6ec07839da756ee46bfcf7fc53	77de19b6867f2740cdcb6c9c7e50d522b47847a4		f2fs: fix to avoid out-of-boundary access in dnode page 			F2FS	fs/f2fs/node.c	NO	NO	YES	NO	NO	NO	NO	NO	NO	NO	NO		FUNCTIONAL_REVIEW_REQUIRED	YES	MEDIUM	MUST_BACKPORT	APPLIED_F2FS_S06_STATIC_PASS
26	3db3e7d4f2d96575bcf098c81aaf5899a6885cfb	e75ce117905d2830976a289e718470f3230fa30a		f2fs: fix condition in __allow_reserved_blocks() 		7e65be49ed94	F2FS	fs/f2fs/f2fs.h	NO	NO	NO	NO	NO	NO	NO	NO	NO	NO	NO		FUNCTIONAL_REVIEW_REQUIRED	NOT_YET_TESTED	LOW	SHOULD_BACKPORT	DEFERRED_AFTER_REVIEW
27	f9bd59d1600f4bc0ef01c9ec4656e10fa8e2c05c	869833f54e8306326b85ca3ed08979b7ad412a4a		f2fs: fix to update map->m_next_extent correctly in f2fs_map_blocks() 		c4020b2da4c9	F2FS	fs/f2fs/data.c	NO	NO	NO	NO	NO	NO	NO	NO	NO	NO	NO		FUNCTIONAL_REVIEW_REQUIRED	NOT_YET_TESTED	LOW	SHOULD_BACKPORT	DEFERRED_AFTER_REVIEW
28	a7b7ebdd7045a36454b3e388a2ecf50344fad9e6	9251a9e6e871cb03c4714a18efa8f5d4a8818450		f2fs: fix to truncate first page in error path of f2fs_truncate() 		92dffd01790a	F2FS	fs/f2fs/file.c	NO	YES	NO	NO	NO	NO	NO	NO	NO	NO	NO		FUNCTIONAL_REVIEW_REQUIRED	YES	MEDIUM	SHOULD_BACKPORT	APPLIED_F2FS_S03_STATIC_PASS
29	d6b19dacc094556dbbfee3287f6b4637cf5a8a3a	c2f7c32b254006ad48f8e4efb2e7e7bf71739f17		f2fs: fix to mitigate overhead of f2fs_zero_post_eof_page() 		ba8dac350faf	F2FS	fs/f2fs/file.c	NO	NO	NO	NO	NO	NO	YES	NO	NO	NO	NO		FUNCTIONAL_REVIEW_REQUIRED	YES	LOW	SHOULD_BACKPORT	APPLIED_F2FS_S03_STATIC_PASS
30	8ec4fa035c08cd992c22bcb967c362727e795b35	8175c864391753b210f3dcfae1aeed686a226ebb		f2fs: fix zero-sized extent for precache extents 		c4020b2da4c9	F2FS	fs/f2fs/data.c	NO	NO	NO	NO	NO	NO	NO	NO	NO	NO	NO		FUNCTIONAL_REVIEW_REQUIRED	NOT_YET_TESTED	LOW	SHOULD_BACKPORT	DEFERRED_AFTER_REVIEW
31	e258ecf0c2a8f621ca2d08bbce6ceff4820cc762	7f597c2cdb9d3263a6fce07c4fc0a9eaa8e8fc43		dm: fix queue start/stop imbalance under suspend/load/resume races 		e70feb8b3e68	DM	drivers/md/dm-core.h,drivers/md/dm.c	NO	NO	NO	NO	YES	NO	NO	NO	NO	YES	NO		FUNCTIONAL_REVIEW_REQUIRED	NOT_YET_TESTED	HIGH	SHOULD_BACKPORT	DEFERRED_AFTER_REVIEW
32	19ca4528666990be376ac3eb6fe667b03db5324d	8d33a030c566e1f105cd5bf27f37940b6367f3be		dm: fix NULL pointer dereference in __dm_suspend() 		c4576aed8d85	DM	drivers/md/dm.c	NO	NO	YES	NO	NO	NO	NO	NO	NO	YES	NO		FUNCTIONAL_REVIEW_REQUIRED	NOT_YET_TESTED	HIGH	SHOULD_BACKPORT	DEFERRED_AFTER_REVIEW
33	40bf3676cb3992829f30608acf78007e99570455	9d5c4f5c7a2c7677e1b3942772122b032c265aae		f2fs: fix wrong block mapping for multi-devices 		71f2c8206202	F2FS	fs/f2fs/data.c	NO	YES	NO	NO	NO	NO	NO	NO	NO	NO	NO		FUNCTIONAL_REVIEW_REQUIRED	YES	MEDIUM	MUST_BACKPORT	APPLIED_F2FS_S03_STATIC_PASS
34	2dda0930fb79b847b4bfceb737577d0f6bc24d7d	48ea8b200414ac69ea96f4c231f5c7ef1fbeffef		f2fs: fix to avoid panic once fallocation fails for pinfile 		f5a53edcf01e	F2FS	fs/f2fs/file.c,fs/f2fs/segment.c	NO	NO	NO	NO	NO	NO	NO	NO	NO	NO	NO		YES	YES	LOW	ALREADY_PRESENT	ALREADY_PRESENT_IN_FINAL_SOURCE
35	6b9525596a83cd5b7bbc2c7bd5f9ad9cf5ad60fa	8fc6056dcf79937c46c97fa4996cda65956437a9		f2fs: fix to detect potential corrupted nid in free_nid_list 			F2FS	fs/f2fs/node.c,include/linux/f2fs_fs.h	NO	YES	NO	NO	NO	NO	NO	NO	NO	NO	REVIEW		FUNCTIONAL_REVIEW_REQUIRED	YES	HIGH	MUST_BACKPORT	APPLIED_F2FS_S06_STATIC_PASS
36	0d8ea98ebb08eda541dbe5516b9be52eccccd10c	a33be64b98d0723748d2fab0832b926613e1fce0		f2fs: fix wrong layout information on 16KB page 			F2FS	fs/f2fs/sysfs.c	NO	NO	NO	NO	NO	NO	NO	NO	NO	NO	NO		FUNCTIONAL_REVIEW_REQUIRED	NOT_YET_TESTED	LOW	SHOULD_BACKPORT	DEFERRED_AFTER_REVIEW
37	c0b9951bb2668d67eb4817bb23fc109abc08c075	23361bd54966b437e1ed3eb1a704572f4b279e58		f2fs: fix infinite loop in __insert_extent_tree() 			F2FS	fs/f2fs/extent_cache.c	NO	NO	NO	NO	NO	NO	NO	NO	NO	NO	NO		YES	YES	LOW	ALREADY_PRESENT	ALREADY_PRESENT_IN_FINAL_SOURCE
38	0e75a098b0a37f02ca31fe99ac16004c8163cf67	0fe1c6bec54ea68ed8c987b3890f2296364e77bb		f2fs: fix to avoid overflow while left shift operation 		3265d3db1f16	F2FS	fs/f2fs/compress.c	NO	NO	YES	NO	NO	NO	NO	NO	NO	NO	NO		FUNCTIONAL_REVIEW_REQUIRED	YES	MEDIUM	MUST_BACKPORT	APPLIED_F2FS_S03_STATIC_PASS
39	58ecedab080c41b7ecbb9f38d81d35a169738b82	ef0c333cad8d1940f132a7ce15f15920216a3bd5		f2fs: keep POSIX_FADV_NOREUSE ranges 			F2FS	fs/f2fs/debug.c,fs/f2fs/f2fs.h,fs/f2fs/file.c,fs/f2fs/inode.c,fs/f2fs/super.c	NO	NO	NO	NO	NO	NO	NO	NO	NO	NO	NO		FUNCTIONAL_REVIEW_REQUIRED	NOT_YET_TESTED	LOW	DO_NOT_BACKPORT	DEFERRED
40	9933e05f508e08ff9054d859c6736234f8d3700f	a907f3a68ee26ba493a08a958809208d17f3347e		f2fs: add a sysfs entry to reclaim POSIX_FADV_NOREUSE pages 			F2FS	Documentation/ABI/testing/sysfs-fs-f2fs,fs/f2fs/f2fs.h,fs/f2fs/shrinker.c,fs/f2fs/sysfs.c	NO	NO	NO	NO	NO	NO	NO	NO	NO	NO	NO		FUNCTIONAL_REVIEW_REQUIRED	NOT_YET_TESTED	LOW	OPTIONAL_REVIEW	DEFERRED
41	65e42a7084d1a19d94ca4e1a620dabde2e0a76ae	f7f8932ca6bb22494ef6db671633ad3b4d982271		f2fs: fix to avoid running out of free segments 		f5a53edcf01e	F2FS	fs/f2fs/file.c	NO	NO	NO	NO	NO	NO	NO	NO	NO	NO	NO		FUNCTIONAL_REVIEW_REQUIRED	NOT_YET_TESTED	LOW	SHOULD_BACKPORT	DEFERRED_AFTER_REVIEW
42	7cc6b80df66f69bff1acf5cbcba5aaf639fc97c8	d7b549def0eb42a950eebd3bd5343f5c8088c305		f2fs: add carve_out sysfs node 			F2FS	Documentation/ABI/testing/sysfs-fs-f2fs,fs/f2fs/f2fs.h,fs/f2fs/super.c,fs/f2fs/sysfs.c	NO	NO	NO	NO	NO	NO	NO	NO	NO	NO	NO		FUNCTIONAL_REVIEW_REQUIRED	NOT_YET_TESTED	LOW	OPTIONAL_REVIEW	DEFERRED
43	d4a4abba458496d27fd54196597249c8cddfbb95	3fea0641b06ff4e53d95d07a96764d8951d4ced6		f2fs: sysfs: add encoding_flags entry 			F2FS	Documentation/ABI/testing/sysfs-fs-f2fs,fs/f2fs/sysfs.c	NO	NO	NO	NO	NO	NO	NO	REVIEW	NO	NO	NO		FUNCTIONAL_REVIEW_REQUIRED	NOT_YET_TESTED	LOW	DO_NOT_BACKPORT	DEFERRED_DISK_OR_FEATURE_CHANGE
44	4c5181b9e1a994b5df6de0815ef0a1cfb888a31b	59c1c89e9ba8cefff05aa982dd9e6719f25e8ec5		f2fs: introduce reserved_pin_section sysfs entry 			F2FS	Documentation/ABI/testing/sysfs-fs-f2fs,fs/f2fs/f2fs.h,fs/f2fs/file.c,fs/f2fs/super.c,fs/f2fs/sysfs.c	NO	NO	NO	NO	NO	NO	NO	NO	NO	NO	NO		FUNCTIONAL_REVIEW_REQUIRED	NOT_YET_TESTED	LOW	OPTIONAL_REVIEW	DEFERRED
45	4236c017c4cecd8a67d90a93adf6ed8601fa606b	1d4c5dbba1a53aeaf2c6cc84e7ba94c436d18852		f2fs: add gc_boost_gc_multiple sysfs node 			F2FS	Documentation/ABI/testing/sysfs-fs-f2fs,fs/f2fs/gc.c,fs/f2fs/gc.h,fs/f2fs/sysfs.c	NO	NO	NO	NO	NO	NO	NO	NO	NO	NO	NO		FUNCTIONAL_REVIEW_REQUIRED	NOT_YET_TESTED	LOW	OPTIONAL_REVIEW	DEFERRED
46	3573b620027236558902247f566ceab8be9cb542	c8705cefce44fbe85ca3b180dee0e0b5f3d51dc5		f2fs: add gc_boost_gc_greedy sysfs node 			F2FS	Documentation/ABI/testing/sysfs-fs-f2fs,fs/f2fs/gc.c,fs/f2fs/gc.h,fs/f2fs/sysfs.c	NO	NO	NO	NO	NO	NO	NO	NO	NO	NO	NO		FUNCTIONAL_REVIEW_REQUIRED	NOT_YET_TESTED	LOW	OPTIONAL_REVIEW	DEFERRED
47	dfa39de442ecdd166f84bfe698420c2013ea8abc	e462fc48ceb8224811c3224650afed05cb7f0872		f2fs: maintain one time GC mode is enabled during whole zoned GC cycle 		e791d00bd06c	F2FS	fs/f2fs/gc.c	NO	NO	NO	NO	NO	NO	NO	NO	NO	NO	NO		FUNCTIONAL_REVIEW_REQUIRED	NOT_YET_TESTED	LOW	OPTIONAL_REVIEW	DEFERRED
48	3b15d5f12935e9e25f9a571e680716bc9ee61025	297baa4aa263ff8f5b3d246ee16a660d76aa82c4		f2fs: ensure node page reads complete before f2fs_put_super() finishes 		20872584b8c0b	F2FS	fs/f2fs/super.c	NO	NO	NO	NO	NO	NO	NO	NO	NO	NO	NO		FUNCTIONAL_REVIEW_REQUIRED	NOT_YET_TESTED	LOW	DO_NOT_BACKPORT	DEFERRED
49	6c3bab5c6261aa22c561ef56b7365959a90e7d91	ca8b201f28547e28343a6f00a6e91fa8c09572fe		f2fs: fix to avoid potential deadlock 		95fa90c9e5a7	F2FS	fs/f2fs/compress.c,fs/f2fs/f2fs.h,fs/f2fs/super.c	NO	NO	NO	YES	NO	NO	NO	NO	NO	NO	NO		FUNCTIONAL_REVIEW_REQUIRED	YES	MEDIUM	MUST_BACKPORT	APPLIED_F2FS_S03_STATIC_PASS
50	4f244c64efe628d277b916f47071adf480eb8646	7c37c79510329cd951a4dedf3f7bf7e2b18dccec		f2fs: fix to avoid updating zero-sized extent in extent cache 		6e9619499f53	F2FS	fs/f2fs/file.c	NO	NO	NO	NO	NO	NO	NO	NO	NO	NO	NO		FUNCTIONAL_REVIEW_REQUIRED	NOT_YET_TESTED	LOW	SHOULD_BACKPORT	DEFERRED_AFTER_REVIEW
51	c89845fae250efdd59c1d4ec60e9e1c652cee4b6	d33f89b34aa313f50f9a512d58dd288999f246b0		f2fs: invalidate dentry cache on failed whiteout creation 		7e01e7ad746b	F2FS	fs/f2fs/namei.c	NO	NO	NO	NO	NO	NO	NO	NO	NO	NO	NO		FUNCTIONAL_REVIEW_REQUIRED	NOT_YET_TESTED	LOW	DO_NOT_BACKPORT	DEFERRED
52	19d7ac99e1012eb7c6113d1217fd3270060dd6bc	27bf6a637b7613fc85fa6af468b7d612d78cd5c0		f2fs: fix age extent cache insertion skip on counter overflow 		71644dff4811	F2FS	fs/f2fs/extent_cache.c,fs/f2fs/f2fs.h,fs/f2fs/segment.c	NO	NO	YES	NO	NO	NO	NO	NO	NO	NO	NO		FUNCTIONAL_REVIEW_REQUIRED	YES	MEDIUM	MUST_BACKPORT	APPLIED_F2FS_S03_STATIC_PASS
53	baf461563a8da78f40f7f9c64c740f1adaff6a35	392711ef18bff524a873b9c239a73148c5432262		f2fs: fix uninitialized one_time_gc in victim_sel_policy 		e791d00bd06c	F2FS	fs/f2fs/gc.c	NO	NO	YES	NO	NO	NO	NO	NO	NO	NO	NO		FUNCTIONAL_REVIEW_REQUIRED	YES	MEDIUM	MUST_BACKPORT	APPLIED_F2FS_S03_STATIC_PASS
54	473550e715654ad7612aa490d583cb7c25fe2ff3	01fba45deaddcce0d0b01c411435d1acf6feab7b		f2fs: fix return value of f2fs_recover_fsync_data() 		6781eabba1bd	F2FS	fs/f2fs/super.c	NO	YES	NO	NO	NO	NO	NO	NO	NO	NO	NO		FUNCTIONAL_REVIEW_REQUIRED	YES	MEDIUM	SHOULD_BACKPORT	APPLIED_F2FS_S03_STATIC_PASS
55	baf1a27e5664dd20de3d8d53e67306d861da74a2	68d05693f8c031257a0822464366e1c2a239a512		f2fs: fix to detect recoverable inode during dryrun of find_fsync_dnodes() 		6781eabba1bd	F2FS	fs/f2fs/recovery.c	NO	YES	NO	NO	NO	NO	NO	NO	NO	NO	NO		FUNCTIONAL_REVIEW_REQUIRED	YES	MEDIUM	SHOULD_BACKPORT	APPLIED_F2FS_S03_STATIC_PASS
56	1eb0b130196bcbc56c5c80c83139fa70c0aa82c5	1f27ef42bb0b7c0740c5616ec577ec188b8a1d05		f2fs: use global inline_xattr_slab instead of per-sb slab cache 		a999150f4fe3	F2FS	fs/f2fs/f2fs.h,fs/f2fs/super.c,fs/f2fs/xattr.c,fs/f2fs/xattr.h	NO	NO	NO	NO	NO	NO	NO	NO	NO	NO	NO		FUNCTIONAL_REVIEW_REQUIRED	NOT_YET_TESTED	LOW	DO_NOT_BACKPORT	DEFERRED
57	5796c5382101fe6205819732719161ce32d43604	078cad8212ce4f4ebbafcc0936475b8215e1ca2a		f2fs: drop inode from the donation list when the last file is closed 			F2FS	fs/f2fs/f2fs.h,fs/f2fs/file.c,fs/f2fs/inode.c,fs/f2fs/super.c	NO	NO	NO	NO	NO	NO	NO	NO	NO	NO	NO		FUNCTIONAL_REVIEW_REQUIRED	NOT_YET_TESTED	LOW	OPTIONAL_REVIEW	DEFERRED
58	0bf1a02494c7eb5bd43445de4c83c8592e02c4bf	10b591e7fb7cdc8c1e53e9c000dc0ef7069aaa76		f2fs: fix to avoid updating compression context during writeback 		4c8ff7095bef	F2FS	fs/f2fs/data.c,fs/f2fs/f2fs.h,fs/f2fs/file.c,fs/f2fs/super.c	NO	NO	NO	NO	NO	NO	NO	NO	NO	NO	NO		FUNCTIONAL_REVIEW_REQUIRED	NOT_YET_TESTED	LOW	SHOULD_BACKPORT	DEFERRED_AFTER_REVIEW
59	cccd92ec7e34487593afee7f7b0dfa98108b0827	f88c7904b5c7e35ab8037e2a59e10d80adf6fd7e		f2fs: clear SBI_POR_DOING before initing inmem curseg 			F2FS	fs/f2fs/super.c	NO	NO	NO	NO	NO	NO	NO	NO	NO	NO	NO		FUNCTIONAL_REVIEW_REQUIRED	NOT_YET_TESTED	LOW	DO_NOT_BACKPORT	DEFERRED
60	621dc9eb90a59fe62d8589ce2489e83efad4bf21	4bc347779698b5e67e1514bab105c2c083e55502		f2fs: add timeout in f2fs_enable_checkpoint() 			F2FS	fs/f2fs/f2fs.h,fs/f2fs/super.c	NO	NO	NO	NO	NO	NO	NO	NO	NO	NO	NO		FUNCTIONAL_REVIEW_REQUIRED	NOT_YET_TESTED	LOW	OPTIONAL_REVIEW	DEFERRED
61	341f6a26bfa92c1ba45a05f7c21927300c3f8db0	80b6d1d2535a343e43d658777a46f1ebce8f3413		f2fs: dump more information for f2fs_{enable,disable}_checkpoint() 			F2FS	fs/f2fs/super.c	NO	NO	NO	NO	NO	NO	NO	NO	NO	NO	NO		FUNCTIONAL_REVIEW_REQUIRED	NOT_YET_TESTED	LOW	DO_NOT_BACKPORT	DEFERRED
62	d01cdf6425242ed1b8870bdbf1b0999b19254290	be112e7449a6e1b54aa9feac618825d154b3a5c7		f2fs: fix to propagate error from f2fs_enable_checkpoint() 		4354994f097d	F2FS	fs/f2fs/super.c	NO	NO	NO	NO	NO	NO	NO	NO	NO	NO	NO		FUNCTIONAL_REVIEW_REQUIRED	NOT_YET_TESTED	LOW	SHOULD_BACKPORT	DEFERRED_AFTER_REVIEW
63	aeb70609e6b57541d077f575300c7c7e2d838418	761dac9073cd67d4705a94cd1af674945a117f4c		f2fs: fix to add gc count stat in f2fs_gc_range 		9bf1dcbdfdc8	F2FS	fs/f2fs/gc.c	NO	NO	NO	NO	NO	NO	NO	NO	NO	NO	NO		FUNCTIONAL_REVIEW_REQUIRED	NOT_YET_TESTED	LOW	SHOULD_BACKPORT	DEFERRED_AFTER_REVIEW
64	b72d775424f578a1c76fba5c569504aa611e6c45	0eda086de85e140f53c6123a4c00662f4e614ee4		f2fs: fix to check sysfs filename w/ gc_pin_file_thresh correctly 		c521a6ab4ad7	F2FS	fs/f2fs/sysfs.c	NO	NO	NO	NO	NO	NO	NO	NO	NO	NO	NO		FUNCTIONAL_REVIEW_REQUIRED	NOT_YET_TESTED	LOW	OPTIONAL_REVIEW	DEFERRED
65	4ef30b9f1641c9e877792df6b049f1cf507d002d	98ea0039dbfdd00e5cc1b9a8afa40434476c0955		f2fs: fix out-of-bounds access in sysfs attribute read/write 		b59d0bae6ca3	F2FS	fs/f2fs/sysfs.c	NO	NO	YES	NO	NO	NO	NO	NO	NO	NO	NO		FUNCTIONAL_REVIEW_REQUIRED	YES	MEDIUM	MUST_BACKPORT	APPLIED_F2FS_S04_STATIC_PASS
66	1ff415eef513bf12deb058fc50d57788c46c48e6	5c145c03188bc9ba1c29e0bc4d527a5978fc47f9		f2fs: fix to avoid mapping wrong physical block for swapfile 		9703d69d9d15	F2FS	fs/f2fs/data.c	NO	YES	NO	NO	NO	NO	NO	NO	NO	NO	NO		FUNCTIONAL_REVIEW_REQUIRED	YES	MEDIUM	MUST_BACKPORT	APPLIED_F2FS_S06_STATIC_PASS
67	cf4a9e1bc8129eb63fda5f8bdcd8d87f0bd76f42	ce2739e482bce8d2c014d76c4531c877f382aa54		f2fs: fix to avoid UAF in f2fs_write_end_io() 		e234088758fc	F2FS	fs/f2fs/data.c	NO	NO	YES	NO	NO	NO	NO	NO	NO	NO	NO		FUNCTIONAL_REVIEW_REQUIRED	YES	MEDIUM	MUST_BACKPORT	APPLIED_F2FS_S04_STATIC_PASS
68	962c167b0f262b9962207fbeaa531721d55ea00e	7633a7387eb4d0259d6bea945e1d3469cd135bbc		f2fs: fix IS_CHECKPOINTED flag inconsistency issue caused by concurrent atomic commit and checkpoint writes 		608514deba38	F2FS	fs/f2fs/node.c	NO	YES	NO	NO	YES	NO	NO	NO	NO	NO	NO		FUNCTIONAL_REVIEW_REQUIRED	YES	MEDIUM	SHOULD_BACKPORT	APPLIED_F2FS_S04_STATIC_PASS
69	771ba4c6a805ae857da05e3e674c53f9de99f49a	2df8b310bcfe76827fd71092f58a2493ee6590b0		dm: use bio_clone_blkg_association 		ca522482e3eaf	DM	drivers/md/dm.c	NO	NO	NO	NO	NO	NO	NO	NO	NO	YES	NO		FUNCTIONAL_REVIEW_REQUIRED	NOT_YET_TESTED	HIGH	DO_NOT_BACKPORT	DEFERRED
70	7c002e242ddd06988fc087d79abf5a5bcd363674	8e2a9b656474d67c55010f2c003ea2cf889a19ff		f2fs: compress: change the first parameter of page_array_{alloc,free} to sbi 			F2FS	fs/f2fs/compress.c	NO	NO	NO	NO	NO	NO	NO	NO	NO	NO	NO		FUNCTIONAL_REVIEW_REQUIRED	YES	LOW	MUST_BACKPORT	APPLIED_F2FS_S06_STATIC_PASS
71	cc81768212cdc509e5a986274db7bc24d18cde19	39868685c2a94a70762bc6d77dc81d781d05bff5		f2fs: compress: fix UAF of f2fs_inode_info in f2fs_free_dic 		bff139b49d9f	F2FS	fs/f2fs/compress.c,fs/f2fs/f2fs.h	NO	NO	YES	NO	NO	NO	NO	NO	NO	NO	NO	7c002e242ddd06988fc087d79abf5a5bcd363674	FUNCTIONAL_REVIEW_REQUIRED	YES	MEDIUM	MUST_BACKPORT	APPLIED_F2FS_S06_STATIC_PASS
72	25d2dc669f2a7e48b335d1cb07139f2ffc9fe5df	d625a2b08c089397d3a03bff13fa8645e4ec7a01		f2fs: fix to avoid migrating empty section 		9703d69d9d15	F2FS	fs/f2fs/gc.c	NO	NO	NO	NO	NO	NO	NO	NO	NO	NO	NO		FUNCTIONAL_REVIEW_REQUIRED	NOT_YET_TESTED	LOW	SHOULD_BACKPORT	DEFERRED_AFTER_REVIEW
73	c78206dcb912ab60b8ee3cbe8c48d749a9a12e1e	3cf11e6f36c170050c12171dd6fd3142711478fc		f2fs: fix to avoid memory leak in f2fs_rename() 		40b2d55e0452	F2FS	fs/f2fs/namei.c	NO	NO	YES	NO	NO	NO	NO	NO	NO	NO	NO		FUNCTIONAL_REVIEW_REQUIRED	YES	MEDIUM	MUST_BACKPORT	APPLIED_F2FS_S04_STATIC_PASS
74	f5154cf3ce1c8193f0c1891d3769f62740cfe6fe	39d4ee19c1e7d753dd655aebee632271b171f43a		f2fs: fix use-after-free of sbi in f2fs_compress_write_end_io() 		4c8ff7095bef	F2FS	fs/f2fs/compress.c	NO	NO	YES	NO	NO	NO	NO	NO	NO	NO	NO		FUNCTIONAL_REVIEW_REQUIRED	YES	MEDIUM	MUST_BACKPORT	APPLIED_F2FS_S04_STATIC_PASS
75	7be222de96c0f9eee6e65eeb017ef855ee185cfa	2d9c4a4ed4eef1f82c5b16b037aee8bad819fd53		f2fs: fix UAF caused by decrementing sbi->nr_pages[] in f2fs_write_end_io() 		50fa53eccf9f	F2FS	fs/f2fs/data.c	NO	NO	YES	NO	NO	NO	NO	NO	NO	NO	NO		FUNCTIONAL_REVIEW_REQUIRED	YES	MEDIUM	MUST_BACKPORT	APPLIED_F2FS_S04_STATIC_PASS
76	fafade22860a53255061eb537f1ca3b3469d18d9	6af249c996f7d73a3435f9e577956fa259347d18		f2fs: fix to do sanity check on dcc->discard_cmd_cnt conditionally 		2482c4325dfe	F2FS	fs/f2fs/f2fs.h,fs/f2fs/segment.c,fs/f2fs/super.c	NO	NO	NO	NO	NO	NO	NO	NO	NO	NO	NO		FUNCTIONAL_REVIEW_REQUIRED	NOT_YET_TESTED	LOW	SHOULD_BACKPORT	DEFERRED_AFTER_REVIEW
77	58ab0d1a891e8221e36bfbbf914f28ef3ca39eca	5471834a96fb697874be2ca0b052e74bcf3c23d1		f2fs: add READ_ONCE() for i_blocks in f2fs_update_inode() 		19f99cee206c	F2FS	fs/f2fs/inode.c	NO	NO	NO	NO	NO	NO	NO	NO	NO	NO	NO		FUNCTIONAL_REVIEW_REQUIRED	NOT_YET_TESTED	LOW	DO_NOT_BACKPORT	DEFERRED
78	75c1800246310853041c7c78d42c363d6e323767	95e159ad3e52f7478cfd22e44ec37c9f334f8993		f2fs: fix fiemap boundary handling when read extent cache is incomplete 		cd8fc5226bef	F2FS	fs/f2fs/data.c	NO	NO	NO	NO	NO	NO	NO	NO	NO	NO	NO		FUNCTIONAL_REVIEW_REQUIRED	YES	LOW	SHOULD_BACKPORT	APPLIED_F2FS_S04_STATIC_PASS
79	f5c604ef03e728e71380799c574afba06b1a6272	eb2ca3ca983551a80e16a4a25df5a4ce59df8484		f2fs: fix incorrect multidevice info in trace_f2fs_map_blocks() 		0094e98bd147	F2FS	fs/f2fs/data.c	NO	NO	NO	NO	YES	NO	NO	NO	NO	NO	NO		FUNCTIONAL_REVIEW_REQUIRED	NOT_YET_TESTED	MEDIUM	OPTIONAL_REVIEW	DEFERRED
80	ab1eaf9d5c99042f5b0243bf67a06283a4c0757f	ed78aeebef05212ef7dca93bd931e4eff67c113f		f2fs: fix node_cnt race between extent node destroy and writeback 		3fc5d5a182f6	F2FS	fs/f2fs/extent_cache.c	NO	NO	NO	NO	YES	NO	NO	NO	NO	NO	NO		FUNCTIONAL_REVIEW_REQUIRED	YES	MEDIUM	SHOULD_BACKPORT	APPLIED_F2FS_S04_STATIC_PASS
81	745b49c493e43ac939023a94481127c008da18ff	b635f2ecdb5ad34f9c967cabb704d6bed9382fd0		f2fs: fix uninitialized kobject put in f2fs_init_sysfs() 		a907f3a68ee26ba4	F2FS	fs/f2fs/sysfs.c	NO	NO	YES	NO	NO	NO	NO	NO	NO	NO	NO		FUNCTIONAL_REVIEW_REQUIRED	YES	MEDIUM	MUST_BACKPORT	APPLIED_F2FS_S04_STATIC_PASS
82	4b3a1bf4c2ffd4c9595d900ead78c9035894a025	5909bedbed38c558bee7cb6758ceedf9bc3a9194		f2fs: protect extension_list reading with sb_lock in f2fs_sbi_show() 		b6a06cbbb5f7	F2FS	fs/f2fs/sysfs.c	NO	NO	NO	NO	NO	NO	NO	NO	NO	NO	NO		FUNCTIONAL_REVIEW_REQUIRED	NOT_YET_TESTED	LOW	DO_NOT_BACKPORT	DEFERRED
83	037a534f18600e06f699c6764cb749aff3f425f3	68a0178981a0f493295afa29f8880246e561494c		f2fs: fix incorrect file address mapping when inline inode is unwritten 		67f8cf3cee6f	F2FS	fs/f2fs/inline.c	NO	NO	NO	NO	NO	NO	NO	NO	NO	NO	NO		FUNCTIONAL_REVIEW_REQUIRED	YES	LOW	SHOULD_BACKPORT	APPLIED_F2FS_S04_STATIC_PASS
84	ac7e7d18816e5177400f8b965ab64901b47b09c1	6a5e3de9c2bb0b691d16789a5d19e9276a09b308		f2fs: fix false alarm of lockdep on cp_global_sem lock 		c426d99127b1	F2FS	fs/f2fs/f2fs.h,fs/f2fs/super.c	NO	NO	NO	NO	NO	NO	NO	NO	NO	NO	NO		FUNCTIONAL_REVIEW_REQUIRED	NOT_YET_TESTED	LOW	SHOULD_BACKPORT	DEFERRED_AFTER_REVIEW
85	16161444c30d8dff9428abbae42b72ce4e32a932	5073c66a96a9c23c0c2533ed4ed06e42f9021208		f2fs: validate compress cache inode only when enabled 		6ce19aff0b8c	F2FS	fs/f2fs/inode.c	NO	NO	NO	NO	NO	NO	NO	NO	NO	NO	NO		FUNCTIONAL_REVIEW_REQUIRED	NOT_YET_TESTED	LOW	DO_NOT_BACKPORT	DEFERRED
86	bdccbae23b21fd11226a657b605c5b1456b3117b	4275b59673eb60b02eec3997816c83f1f4b909c4		f2fs: fix to round down start offset of fallocate for pin file 		f5a53edcf01e	F2FS	fs/f2fs/file.c	NO	NO	NO	NO	NO	NO	NO	NO	NO	NO	NO		FUNCTIONAL_REVIEW_REQUIRED	NOT_YET_TESTED	LOW	SHOULD_BACKPORT	DEFERRED_AFTER_REVIEW
87	aba4f94ac1832c7299c33e1b4fe5f87eef6dc8f1	c4810ada31e80cbe4011467c4f3b1e93f94134f3		f2fs: validate ACL entry sizes in f2fs_acl_from_disk() 		af48b85b8cd3	F2FS	fs/f2fs/acl.c	NO	NO	NO	NO	NO	NO	NO	NO	NO	NO	NO		FUNCTIONAL_REVIEW_REQUIRED	YES	LOW	MUST_BACKPORT	APPLIED_F2FS_S04_STATIC_PASS
88	58a5deb220bcac4c73bf58954c0845644c997487	1f70ddb28a3c71df124da5fa4040c808116d6bb9		f2fs: fix incorrect FI_NO_EXTENT handling in __destroy_extent_node() 		ed78aeebef05	F2FS	fs/f2fs/extent_cache.c	NO	NO	NO	NO	NO	NO	NO	NO	NO	NO	NO		FUNCTIONAL_REVIEW_REQUIRED	YES	LOW	SHOULD_BACKPORT	APPLIED_F2FS_S05_STATIC_PASS
89	603c55e992f8e9b16848835bdafade68fd593c43	6d874b65aadce56ac78f76129dbcfc2599b638f8		f2fs: keep atomic write retry from zeroing original data 		3db1de0e582c	F2FS	fs/f2fs/data.c	NO	YES	NO	NO	NO	NO	NO	NO	NO	NO	NO		FUNCTIONAL_REVIEW_REQUIRED	YES	MEDIUM	MUST_BACKPORT	APPLIED_F2FS_S05_STATIC_PASS
90	550511a2470f6d204fa07b331f048bd2d3c51280	846c499a65816d13f1186e3090e825e8bb8bcb8b		f2fs: validate orphan inode entry count 		127e670abfa7	F2FS	fs/f2fs/checkpoint.c,include/linux/f2fs_fs.h	NO	YES	NO	NO	NO	NO	NO	NO	NO	NO	REVIEW		FUNCTIONAL_REVIEW_REQUIRED	YES	HIGH	MUST_BACKPORT	APPLIED_F2FS_S05_STATIC_PASS
91	56038756aae68312df00d4aa1d97e51ef3aca725	e0288584baa5dc41df4a829a023c4c1b33fe53d7		f2fs: atomic: fix UAF issue on f2fs_inode_info.atomic_inode 		3db1de0e582c	F2FS	fs/f2fs/gc.c,fs/f2fs/inode.c	NO	NO	YES	NO	NO	NO	NO	NO	NO	NO	NO		FUNCTIONAL_REVIEW_REQUIRED	YES	MEDIUM	MUST_BACKPORT	APPLIED_F2FS_S06_STATIC_PASS
92	2a9f9791653ba5ed3fb45bbffa8d63a7cd5cf706	378acf3cf19b6af6cba55e8dd1154c4e1504bae8		f2fs: bound i_inline_xattr_size for non-inline-xattr inodes 		6afc662e68b5	F2FS	fs/f2fs/inode.c	NO	NO	NO	NO	NO	NO	NO	NO	NO	NO	NO		FUNCTIONAL_REVIEW_REQUIRED	NOT_YET_TESTED	LOW	DO_NOT_BACKPORT	DEFERRED
93	44480f7e3f8369671452c0d262831c51aa5a9c20	dd3114870771562036fdcf5abe813956f36d224d		f2fs: fix potential deadlock in f2fs_balance_fs() 			F2FS	fs/f2fs/data.c,fs/f2fs/f2fs.h,fs/f2fs/segment.c	NO	NO	NO	YES	NO	NO	NO	NO	NO	NO	NO		FUNCTIONAL_REVIEW_REQUIRED	YES	MEDIUM	MUST_BACKPORT	APPLIED_F2FS_S05_STATIC_PASS
94	b885c7783c19c36c7bf899492a0bffcd68afa8c7	8b4468ec023d0d1b4669dfb867588997cc03a06b		f2fs: fix potential deadlock in gc_merge path of f2fs_balance_fs() 		351df4b20115	F2FS	fs/f2fs/segment.c	NO	NO	NO	YES	NO	NO	NO	NO	NO	NO	NO		FUNCTIONAL_REVIEW_REQUIRED	YES	MEDIUM	MUST_BACKPORT	APPLIED_F2FS_S05_STATIC_PASS
95	7dd01f7d0291583e3e5420c95c7d584e114899bd	5ef5bc304f23c3fe255d4936472378dcb74d0e94		f2fs: fix listxattr handling of corrupted xattr entries 		688078e7f36c	F2FS	fs/f2fs/xattr.c	NO	YES	NO	NO	NO	NO	NO	NO	NO	NO	NO		FUNCTIONAL_REVIEW_REQUIRED	YES	MEDIUM	MUST_BACKPORT	APPLIED_F2FS_S05_STATIC_PASS
96	eff39322a57ce396f6fa67a671f4c59af6c4b796	dd015b566d505d698386103e9c80b739c7336eb8		fscrypt: Fix key setup in edge case with multiple data unit sizes 		5b1188847180	FSCRYPT	fs/crypto/fscrypt_private.h,fs/crypto/inline_crypt.c,fs/crypto/keyring.c,fs/crypto/keysetup.c	NO	NO	NO	NO	NO	YES	NO	NO	YES	NO	NO		FUNCTIONAL_REVIEW_REQUIRED	NOT_YET_TESTED	HIGH	SHOULD_BACKPORT	DEFERRED_AFTER_REVIEW
97	6f25c42d02b611f463e725e759d24417d33f20eb	696c030e1e3438955aba443b308ee8b6faa3983e		fscrypt: Replace mk_users keyring with simple list 		23c688b54016	FSCRYPT	fs/crypto/fscrypt_private.h,fs/crypto/keyring.c	NO	NO	NO	NO	NO	YES	NO	NO	YES	NO	NO		FUNCTIONAL_REVIEW_REQUIRED	NOT_YET_TESTED	HIGH	OPTIONAL_REVIEW	DEFERRED
98	deff41898a5ae3a47db5fa1896a494aa95efda5d	b5fa40226e71c17847b9ff2816c6ca4133d0d994		fscrypt: Add missing superblock check in find_or_insert_direct_key() 	CVE-2026-68148	22e9947a4b2b	FSCRYPT	fs/crypto/keysetup_v1.c	YES	NO	NO	NO	NO	YES	NO	NO	YES	NO	NO		FUNCTIONAL_REVIEW_REQUIRED	YES	HIGH	MUST_BACKPORT	APPLIED_F2FS_S02_STATIC_PASS
99	97a688563be71ec6fefc071aff69a66c69dbe244	6fe4e4b8259e1330945b5f3c9476e08473b8e0e8		fscrypt: Avoid dynamic allocation in fscrypt_get_devices() 	CVE-2026-68147	22e9947a4b2b	F2FS+FSCRYPT	fs/crypto/inline_crypt.c,fs/f2fs/super.c,include/linux/fscrypt.h	YES	NO	NO	NO	NO	YES	NO	NO	YES	NO	YES	ed9f54727ab32304aaa43ac8ad777e75ab0747d4+OOS_KABI_REVIEW	FUNCTIONAL_REVIEW_REQUIRED	YES	HIGH	MUST_BACKPORT	APPLIED_F2FS_S01_STATIC_PASS
100	d3eb8451d529ea452740d1a2bc395a1d20c48133	981ccd97f7153d310dfa92a534525bbaf46752c2		dm: avoid leaking the caller's thread keyring via the table device file 	CVE-2026-72103	a28d893eb327	DM	drivers/md/dm.c	YES	NO	NO	NO	NO	NO	NO	NO	NO	YES	NO	cf71329cf9715dbf22d24af480e8fa91cafe193b+fd5aaed92afd745643b9aea3166f152a17c939fe	FUNCTIONAL_REVIEW_REQUIRED	YES	HIGH	MUST_BACKPORT	APPLIED_F2FS_S02_STATIC_PASS
101	6a67c460b12315033268dce597546984fe5739e7	cf6c993c0feca7984797e634deba3c80342e199a		fscrypt: use the mount idmap for the owner check in fscrypt_ioctl_set_policy() 	CVE-2026-74595	14f3db5542e6	FSCRYPT	fs/crypto/policy.c	YES	NO	NO	NO	NO	YES	NO	NO	YES	NO	NO		FUNCTIONAL_REVIEW_REQUIRED	YES	HIGH	MUST_BACKPORT	APPLIED_F2FS_S02_STATIC_PASS
102	ed9f54727ab32304aaa43ac8ad777e75ab0747d4	ed9f54727ab32304aaa43ac8ad777e75ab0747d4	ed9f54727ab32304aaa43ac8ad777e75ab0747d4	BACKPORT: fscrypt: Avoid dynamic allocation in fscrypt_get_devices() 	CVE-2026-68147	22e9947a4b2b	F2FS+FSCRYPT	fs/crypto/inline_crypt.c,fs/f2fs/super.c,include/linux/fscrypt.h	YES	NO	NO	NO	NO	YES	NO	NO	YES	NO	YES	97a688563be71ec6fefc071aff69a66c69dbe244	FUNCTIONAL_REVIEW_REQUIRED	YES	HIGH	MUST_BACKPORT	APPLIED_F2FS_S01_STATIC_PASS
103	7dd611131d82d7fc4212b555eb1103160bdad302	edf7e9040fc52c922db947f9c6c36f07377c52ea		f2fs: fix UAF issue in f2fs_merge_page_bio()		50fa53eccf9f	F2FS	fs/f2fs/data.c	NO	NO	YES	NO	YES	NO	NO	NO	NO	NO	NO		NO	YES	MEDIUM	MUST_BACKPORT	APPLIED_F2FS_S05_STATIC_PASS
104	7cd460bd9e7c6e6c30a33982603f65fb5deab1e4	3147ee567dd9004a49826ddeaf0a4b12865d4409		f2fs: fix potential deadloop in prepare_compress_overwrite()		4c8ff7095bef	F2FS	fs/f2fs/compress.c,fs/f2fs/data.c	NO	NO	NO	YES	NO	NO	NO	NO	NO	NO	NO		YES	YES	LOW	ALREADY_PRESENT	ALREADY_PRESENT_IN_FINAL_SOURCE
